Treatment,sql12,apache-jmeter-2.10,emf-2.4.1,apache-ant-1.7.0,argouml,hibernate-distribution-3.3.2.GA,jEdit-4.2,jfreechart-1.0.19,columba-1.4-src,jruby-1.4.0,Median,IQR
Diamond,0.970117473,0.967625311,0.955144034,0.936866011,0.996506079,0.961441596,0.946300086,0.973550425,0.997769468,0.99224171,0.968871392,0.030850465
Easy+RF,0.933048531,0.950087081,0.911130174,0.871178774,0.989354158,0.948256603,0.870223384,0.883060071,0.991320132,0.984622355,0.940652567,0.085910939
Hard,0.093839541,0.096403008,0.127726764,0.161056439,0.027455988,0.078004385,0.105528222,0.141890137,0.029371581,0.03520261,0.095121274,0.076274075
MAT+RF,0.910830125,0.96769641,0.882744482,0.917423202,0.986163142,0.964173991,0.863505092,0.867365852,0.981094314,0.981805293,0.940798597,0.087978946
TM,0.845872336,0.959954144,0.91541154,0.894277624,0.989374236,0.951826582,0.929662815,0.864901286,0.992666744,0.971942024,0.940744699,0.069383951
RF,0.932105154,0.954632398,0.850132514,0.888444033,0.981375482,0.951052923,0.885394601,0.864189062,0.985285473,0.986141038,0.941579039,0.088532752