Treatment,sql12,apache-jmeter-2.10,emf-2.4.1,apache-ant-1.7.0,argouml,hibernate-distribution-3.3.2.GA,jEdit-4.2,jfreechart-1.0.19,columba-1.4-src,jruby-1.4.0
Jitterbug,0.9701174730109453,0.9676253108232741,0.9551440337314976,0.9368660105980284,0.99650607928244,0.9614415964922687,0.9463000855230153,0.9735504253395958,0.9977694680479583,0.9922417101354524
Easy+RF,0.9330485306383675,0.9500870808291275,0.9111301743830301,0.8711787740301473,0.9893541576140585,0.9482566025365209,0.870223384185428,0.8830600710083425,0.9913201315330049,0.9846223545631566
Hard,0.9726513498425173,0.969211515810523,0.9623885142912239,0.926339006177514,0.9960899962823181,0.9638191243059133,0.963020231230373,0.9249703483377023,0.9965916365964397,0.9904511988856834
MAT+RF,0.9108301247126059,0.9676964100550638,0.8827444815434953,0.9174232016523197,0.9861631421835285,0.9641739914356539,0.8635050916678251,0.8673658523770679,0.9810943138167991,0.981805293005555
TM,0.8458723359345065,0.9599541441414118,0.9154115404063673,0.8942776235736105,0.9893742362661143,0.951826582252548,0.9296628153827828,0.8649012859918709,0.9926667442672584,0.9719420242477573
RF,0.9321051544998333,0.9546323980953009,0.8501325137875312,0.8884440332333319,0.9813754817699949,0.9510529227364921,0.8853946008870047,0.8641890623069269,0.9852854731696005,0.986141037849824
