Treatment,sql12,apache-jmeter-2.10,emf-2.4.1,apache-ant-1.7.0,argouml,hibernate-distribution-3.3.2.GA,jEdit-4.2,jfreechart-1.0.19,columba-1.4-src,jruby-1.4.0
Diamond,0.9676432884101799,0.9679647296664049,0.9517371413257786,0.9301773222710167,0.9963155783565145,0.9628846984467395,0.9401290043605485,0.9694252996024892,0.9976352111092348,0.9926565443627444
Easy+RF,0.932182465089736,0.9513320356880179,0.9089163683696723,0.866654013701349,0.9903970075473609,0.9518897995112138,0.8659612223843914,0.8840055254708765,0.9914052397818617,0.9860718776725373
Hard,0.9522161630786922,0.9450471878251117,0.949968415612261,0.912416174104801,0.9105920388193184,0.8869448560166108,0.9514505509466783,0.9012707848078974,0.9797780682520946,0.923951291338412
MAT+RF,0.9108699262053129,0.9680605016182803,0.8807526655309068,0.9162771360916783,0.9877272703670248,0.9646588628945402,0.8595031491756805,0.8690887749179554,0.98147242368012,0.9837703304615785
TM,0.8309370564961651,0.9362677938916187,0.9042648494477475,0.8814109863890242,0.905034413465279,0.8769443366155986,0.9189301405926132,0.8445676613003977,0.9759866756619917,0.9079556149921402
RF,0.9134289364321326,0.9312208208819889,0.8407553454183495,0.8757695714259865,0.8984150463822388,0.8762991859072837,0.8757727057475112,0.8438953467012504,0.968856468207123,0.9202264390811635
