Treatment,sql12,apache-jmeter-2.10,emf-2.4.1,apache-ant-1.7.0,argouml,hibernate-distribution-3.3.2.GA,jEdit-4.2,jfreechart-1.0.19,columba-1.4-src,jruby-1.4.0,Median,IQR
Diamond,0.967643288,0.96796473,0.951737141,0.930177322,0.996315578,0.962884698,0.940129004,0.9694253,0.997635211,0.992656544,0.967804009,0.032324703
Easy+RF,0.932182465,0.951332036,0.908916368,0.866654014,0.990397008,0.9518898,0.865961222,0.884005525,0.99140524,0.986071878,0.94175725,0.087293122
Hard,0.11152883,0.117303635,0.137931893,0.172344233,0.108999232,0.148268481,0.115474763,0.162070068,0.045456654,0.098423003,0.116389199,0.036052703
MAT+RF,0.910869926,0.968060502,0.880752666,0.916277136,0.98772727,0.964658863,0.859503149,0.869088775,0.981472424,0.98377033,0.940467999,0.089837462
TM,0.830937056,0.936267794,0.904264849,0.881410986,0.905034413,0.876944337,0.918930141,0.844567661,0.975986676,0.907955615,0.904649631,0.03812551
RF,0.913428936,0.931220821,0.840755345,0.875769571,0.898415046,0.876299186,0.875772706,0.843895347,0.968856468,0.920226439,0.887357116,0.042756708