Treatment,sql12,apache-jmeter-2.10,emf-2.4.1,apache-ant-1.7.0,argouml,hibernate-distribution-3.3.2.GA,jEdit-4.2,jfreechart-1.0.19,columba-1.4-src,jruby-1.4.0
LR,0.366412213740458,0.25263157894736843,0.44285714285714284,0.6868686868686869,0.75,0.4628099173553719,0.4925373134328358,0.25225225225225223,0.6538461538461539,0.5692307692307692
DT,0.6564885496183206,0.5157894736842106,0.6857142857142857,0.6666666666666666,0.3170731707317073,0.628099173553719,0.6467661691542289,0.1891891891891892,0.6538461538461539,0.7230769230769231
RF,0.022900763358778626,0.10526315789473684,0.0,0.020202020202020204,0.42073170731707316,0.0,0.009950248756218905,0.018018018018018018,0.11538461538461539,0.03076923076923077
SVM,0.8396946564885496,0.4421052631578947,0.6285714285714286,0.8888888888888888,0.45121951219512196,0.6115702479338843,0.6567164179104478,0.21621621621621623,0.8076923076923077,0.7230769230769231
NB,0.007633587786259542,0.021052631578947368,0.0,0.04040404040404041,0.012195121951219513,0.024793388429752067,0.06467661691542288,0.018018018018018018,0.07692307692307693,0.06153846153846154
TM,0.007633587786259542,0.0,0.0,0.04040404040404041,0.012195121951219513,0.0,0.009950248756218905,0.0,0.0,0.0
