Treatment,sql12,apache-jmeter-2.10,emf-2.4.1,apache-ant-1.7.0,argouml,hibernate-distribution-3.3.2.GA,jEdit-4.2,jfreechart-1.0.19,columba-1.4-src,jruby-1.4.0
LR,0.746141731238432,0.8435007817935306,0.8383550188982298,0.9040620690886244,0.9438329978310296,0.822469321312299,0.8623240747470357,0.8228488041033413,0.9219009740058663,0.8311109495419257
DT,0.7190238032564964,0.6429580035680557,0.7015453055490313,0.773600246726657,0.80054928764251,0.7814375156523998,0.7491208372327933,0.5336988033455111,0.7736513526492735,0.8149629198778129
RF,0.9286012904767041,0.8582329400257661,0.9237448573435469,0.9139081962700336,0.9661384454535533,0.8428984055430403,0.9308045878131488,0.9411437392691898,0.9812833236876807,0.920626726770395
SVM,0.9157230673264323,0.8672218433793933,0.9178078068033658,0.9083033208695764,0.9297770079428339,0.8443242340762911,0.9578288622474292,0.8056708474877204,0.97722599155287,0.9203359022829741
NB,0.4721554323229637,0.7544080066676486,0.6703983677292062,0.6625987352709685,0.7916693975001129,0.590717088237755,0.4185274561308529,0.6407893113011972,0.6570661609880185,0.6842336774756145
