Treatment,sql12,apache-jmeter-2.10,emf-2.4.1,apache-ant-1.7.0,argouml,hibernate-distribution-3.3.2.GA,jEdit-4.2,jfreechart-1.0.19,columba-1.4-src,jruby-1.4.0
LR,0.7416280718054106,0.8393471398247471,0.8330141178793579,0.894337267306275,0.9347731392466005,0.807631575596278,0.8552773932364305,0.814577217667089,0.9202320077499554,0.8262186498630419
DT,0.7150152552362055,0.6412670766886059,0.6984105044920275,0.7670550905410395,0.7944344758649993,0.7685122693527001,0.7442910156932316,0.532940243614403,0.7725968436155548,0.8103148887417222
RF,0.9206890525907465,0.8538983834973973,0.9170270181327542,0.9039434224072224,0.956620121721959,0.8271084567484507,0.9224168518283368,0.9297984782535357,0.9793682325963544,0.9143803369076831
SVM,0.9080507053443991,0.8627769008871179,0.9111857044130637,0.8984751503215078,0.9210060555299052,0.8284678271721027,0.9489119096644826,0.7978455984073969,0.9753277170780795,0.9140939116736175
NB,0.47274517188868387,0.7513484460893817,0.6677658209102557,0.6587589335004472,0.7857371025772406,0.5866813533853709,0.42017164760764436,0.6372482032594151,0.6564948681160917,0.6815631657149094
