Treatment,sql12,apache-jmeter-2.10,emf-2.4.1,apache-ant-1.7.0,argouml,hibernate-distribution-3.3.2.GA,jEdit-4.2,jfreechart-1.0.19,columba-1.4-src,jruby-1.4.0
LR,0.04766734279918864,0.028399424159141474,0.039100913135097164,0.04365379762805955,0.034420985284708897,0.05171717171717172,0.010434264135943555,0.030761836097092043,0.024651832879782294,0.045841209829867675
DT,0.14416111272095045,0.0998560397853684,0.14563334113790682,0.14963411556901338,0.0781829814459373,0.17292929292929293,0.036271489615422835,0.07594328286469598,0.06226988954698255,0.13705103969754254
RF,0.0010141987829614604,0.0009161104567464992,0.0007024116132053383,0.00025233409033560434,0.0014075495841330773,0.0008080808080808081,9.937394415184339e-05,0.0,0.0008003841844085161,0.0
SVM,0.226890756302521,0.0456746499149326,0.15968157340201358,0.463033055765834,0.09366602687140115,0.11838383838383838,0.029911557189704858,0.032444124008651765,0.0398591323835441,0.0697069943289225
NB,0.00275282526803825,0.0007852375343541421,0.0030437836572231327,0.0040373454453696694,0.0006397952655150352,0.0016161616161616162,0.0007949915532147471,0.0009613073780341264,0.0027213062269889547,0.0016540642722117202
TM,0.0001448855404230658,0.0,0.0,0.0012616704516780217,0.00012795905310300704,0.0008080808080808081,0.0,0.0009613073780341264,0.0,0.0
