Treatment,sql12,apache-jmeter-2.10,emf-2.4.1,apache-ant-1.7.0,argouml,hibernate-distribution-3.3.2.GA,jEdit-4.2,jfreechart-1.0.19,columba-1.4-src,jruby-1.4.0
LR,0.6978318044775236,0.8569655390930606,0.809365488176051,0.8865618078335976,0.9379734094846934,0.8142182152099375,0.8041008314286214,0.8079615303840436,0.9051975717574693,0.8317907517812687
DT,0.78647189331117,0.780092162089489,0.8441984145565765,0.7896068940732194,0.8884329697424383,0.771256365305936,0.8625262834193196,0.7182654897146965,0.8762544482889169,0.8696015704522748
RF,0.8488755333668091,0.8104932531564569,0.819898317556887,0.8197518969661322,0.8731730724216972,0.7969012438433903,0.8200085728566703,0.8646007218465763,0.8045646525716023,0.8034571760942275
SVM,0.5259300877497621,0.5108397219983571,0.6097635214235481,0.5677134708171883,0.5028728367897931,0.47575590616912916,0.5228290624785065,0.5729565181619991,0.6139993350654435,0.4840882652319359
NB,0.40962017868478867,0.7412201489196426,0.670144161621576,0.627763886658664,0.7533799915734335,0.5738375490441673,0.36887212550977583,0.6364980698073665,0.6542832867468404,0.6709357277882649
TM,0.7350087705521796,0.7062095757650889,0.7215406228049175,0.8111750867239689,0.6895018959786938,0.7588880540946665,0.7709074620933655,0.6992147157972686,0.7741623671670091,0.8912171004798606
