Treatment,sql12,apache-jmeter-2.10,emf-2.4.1,apache-ant-1.7.0,argouml,hibernate-distribution-3.3.2.GA,jEdit-4.2,jfreechart-1.0.19,columba-1.4-src,jruby-1.4.0
LR,0.1273209549071618,0.0995850622406639,0.15656565656565657,0.2821576763485477,0.3137755102040816,0.30434782608695654,0.4852941176470588,0.1794871794871795,0.09941520467836257,0.16017316017316016
DT,0.07955596669750231,0.0603448275862069,0.07164179104477612,0.10015174506828528,0.0784313725490196,0.15079365079365079,0.26262626262626265,0.06231454005934718,0.04187192118226601,0.07496012759170653
RF,0.3,0.5882352941176471,0.0,0.6666666666666666,0.8625,0.0,0.6666666666666666,1.0,0.375,1.0
SVM,0.06563245823389022,0.10741687979539642,0.06060606060606061,0.045761830473218926,0.09181141439205956,0.2016348773841962,0.30484988452655887,0.1509433962264151,0.07777777777777778,0.13742690058479531
NB,0.05,0.25,0.0,0.2,0.2857142857142857,0.42857142857142855,0.6190476190476191,0.3333333333333333,0.10526315789473684,0.36363636363636365
TM,0.5,0.0,0.0,0.4444444444444444,0.6666666666666666,0.0,1.0,0.0,0.0,0.0
