Metrics,apache-ant-1.7.0,apache-jmeter-2.10,argouml,columba-1.4-src,emf-2.4.1,hibernate-distribution-3.3.2.GA,jEdit-4.2,jfreechart-1.0.19,jruby-1.4.0,sql12
Precision,0.12401574803149606,0.14345843563661873,0.7163781624500666,0.3544715447154472,0.11991657977059438,0.5042918454935622,0.15779467680608364,0.2671081677704194,0.4125786163522013,0.23425499231950844
Recall,0.9333333333333333,0.9831730769230769,0.9901840490797545,0.990909090909091,0.9663865546218487,0.9533468559837728,0.9613899613899614,0.979757085020243,0.9864661654135338,0.9744408945686901
F1,0.21894005212858383,0.25038261401897766,0.8313159927890806,0.5221556886227545,0.21335807050092764,0.6596491228070175,0.271094175285792,0.419774501300954,0.5818181818181818,0.3777089783281734
Cost,0.23914104441190825,0.3140126597989326,0.08252221752010157,0.06493506493506493,0.2072892938496583,0.18867924528301888,0.1472582832784344,0.17468239564428312,0.20216459056565245,0.15523215523215522
