Metrics,apache-ant-1.7.0,apache-jmeter-2.10,argouml,columba-1.4-src,emf-2.4.1,hibernate-distribution-3.3.2.GA,jEdit-4.2,jfreechart-1.0.19,jruby-1.4.0,sql12
Precision,0.13392857142857142,0.12386401884887244,0.6057068741893644,0.35929203539823007,0.09197475202885483,0.4934210526315789,0.1556122448979592,0.22843450479233227,0.6191950464396285,0.18885869565217392
Recall,0.916030534351145,0.983957219251337,0.9915074309978769,0.9950980392156863,0.9807692307692307,0.9533898305084746,0.953125,0.6842105263157895,0.9646302250803859,0.972027972027972
F1,0.23369036027263876,0.22002989536621825,0.752012882447665,0.5279583875162548,0.16817807089859854,0.6502890173410405,0.2675438596491228,0.34251497005988024,0.7542426147077309,0.3162684869169511
