Metrics,sql12,apache-jmeter-2.10,emf-2.4.1,apache-ant-1.7.0,argouml,hibernate-distribution-3.3.2.GA,jEdit-4.2,jfreechart-1.0.19,columba-1.4-src,jruby-1.4.0
Precision,0.794,0.873,0.793,0.584,0.816,0.93,0.773,0.686,0.83,0.805
Recall,0.692,0.787,0.594,0.758,0.95,0.743,0.489,0.802,0.875,0.93
F1,0.739,0.828,0.679,0.66,0.878,0.826,0.599,0.739,0.852,0.863
Cost,0.034547394,0.04184646,0.017745248,0.041491172,0.17404113,0.12705272,0.015689369,0.055431286,0.033249883,0.146739606
Ratio,0.040,0.046,0.024,0.032,0.149,0.159,0.025,0.047,0.032,0.127
